{"cameraMode":{"drawMode":0,"name":"Shaded","section":"Shading Mode"},"sceneLighting":true,"audioPlay":false,"sceneViewState":{"showFog":true,"showMaterialUpdate":false,"showSkybox":true,"showFlares":true,"showImageEffects":true,"showParticleSystems":true,"showVisualEffectGraphs":true,"m_FxEnabled":true},"in2DMode":false,"pivot":{"x":-11.526407241821289,"y":17.909879684448243,"z":-57.23211669921875},"rotation":{"x":-0.10511757433414459,"y":0.013488810509443283,"z":-0.0014185607433319092,"w":-0.9944728016853333},"size":7.746591567993164,"orthographic":false}