{"cameraMode":{"drawMode":0,"name":"Shaded","section":"Shading Mode"},"sceneLighting":true,"audioPlay":false,"sceneViewState":{"showFog":true,"showMaterialUpdate":false,"showSkybox":true,"showFlares":true,"showImageEffects":true,"showParticleSystems":true,"showVisualEffectGraphs":true,"m_FxEnabled":true},"in2DMode":false,"pivot":{"x":-23.973508834838868,"y":-20.801815032958986,"z":108.43838500976563},"rotation":{"x":-0.08716152608394623,"y":0.03293433040380478,"z":-0.002876156009733677,"w":-0.9957534074783325},"size":97.46485900878906,"orthographic":false}